{
  "installed": {
    "client_id": "714468000326-med828rbgsk4qnhklq62o3cvu42r60pe.apps.googleusercontent.com",
    
    "project_id": "youtube-videoupload-using-cs",
    "auth_uri": "https://accounts.google.com/o/oauth2/auth",
    "token_uri": "https://oauth2.googleapis.com/token",
    "auth_provider_x509_cert_url": "https://www.googleapis.com/oauth2/v1/certs",
    "client_secret": "yj0Grn7ieq-COk7Ow7dCIViv",
    "redirect_uris": [ "urn:ietf:wg:oauth:2.0:oob", "http://localhost" ]
  }
}